# &quot;El Paso County, Colorado August Average Temperature&quot;
# Units: Degrees Fahrenheit
Date,Value
189508,66
189608,67.3
189708,65.8
189808,68.4
189908,68.5
190008,66.9
190108,68.4
190208,68.5
190308,67.7
190408,66.4
190508,68.3
190608,65.2
190708,66.6
190808,66.2
190908,68.1
191008,66.7
191108,66.1
191208,66.2
191308,69.6
191408,66.9
191508,62.2
191608,66.1
191708,64.4
191808,67
191908,68.9
192008,62.7
192108,65.7
192208,68.6
192308,64.2
192408,67.3
192508,64.3
192608,67.7
192708,62.8
192808,65.3
192908,67.2
193008,67
193108,67
193208,68.1
193308,65.6
193408,69.1
193508,68.4
193608,68.4
193708,71.3
193808,69.1
193908,66.1
194008,66.1
194108,66
194208,66.4
194308,69.7
194408,68
194508,66.8
194608,66.1
194708,67.8
194808,67.6
194908,67.2
195008,64.8
195108,66.7
195208,68.5
195308,66.8
195408,68
195508,68.2
195608,65.4
195708,67.3
195808,68.6
195908,68.5
196008,68.1
196108,66.1
196208,68.6
196308,66.7
196408,66.2
196508,63.5
196608,65
196708,64.4
196808,64.1
196908,68.9
197008,69.1
197108,66.4
197208,65.7
197308,68.1
197408,65
197508,67.4
197608,66.1
197708,66.7
197808,65.6
197908,65.3
198008,68
198108,65.2
198208,67.5
198308,69.4
198408,66.8
198508,67.8
198608,66.7
198708,65.2
198808,68.9
198908,66.3
199008,65.8
199108,66.7
199208,64.6
199308,65.6
199408,68.6
199508,70.5
199608,66.4
199708,66.3
199808,66.6
199908,67.4
200008,70.3
200108,68.1
200208,68.6
200308,69.9
200408,63.3
200508,66.7
200608,66.6
200708,70.8
200808,66.7
200908,66
201008,68.3
201108,71.4
201208,68.8
201308,68.8
201408,66.4
201508,69
201608,66.3
201708,65.9
201808,67
201908,70.9
202008,72.2
202108,70.4
202208,69.5
202308,69.7
202408,71.2
202508,68.8
202608,71.9
